<?xml version="1.0" encoding="UTF-8"?>
<project-private xmlns="http://www.netbeans.org/ns/project-private/1">
    <editor-bookmarks xmlns="http://www.netbeans.org/ns/editor-bookmarks/2" lastBookmarkId="0"/>
    <open-files xmlns="http://www.netbeans.org/ns/projectui-open-files/2">
        <group>
            <file>file:/D:/java_progect/%20TaibahCS/src/taibahcs/Lecturers.java</file>
            <file>file:/D:/java_progect/%20TaibahCS/src/taibahcs/Course.java</file>
            <file>file:/D:/java_progect/%20TaibahCS/src/taibahcs/FacultyMember.java</file>
            <file>file:/D:/java_progect/%20TaibahCS/src/taibahcs/TaibahCS.java</file>
            <file>file:/D:/java_progect/%20TaibahCS/src/taibahcs/Convener.java</file>
        </group>
    </open-files>
</project-private>
